[{
	"key": "1",
	"name": "一级首页",
	"router": "/",
	"icon": "right-circle-o",
	"menulever": []
}, {
	"key": "sub1",
	"name": "二级页面",
	"router": "",
	"icon": "retweet",
	"menulever": [{
		"key": "2",
		"name": "导航菜单2",
		"router": "/index2"
	}]
}, {
	"key": "3",
	"name": "路由管理",
	"router": "/",
	"icon": "share-alt",
	"menulever": []
}, {
	"key": "4",
	"name": "表格操作",
	"router": "/",
	"icon": "bars",
	"menulever": []
}, {
	"key": "sub2",
	"name": "二级页面",
	"router": "",
	"icon": "retweet",
	"menulever": [{
		"key": "5",
		"name": "导航菜单2",
		"router": "/index2"
	}]
}, {
	"key": "6",
	"name": "登陆状态",
	"router": "/",
	"icon": "team",
	"menulever": []
}, {
	"key": "7",
	"name": "文件管理",
	"router": "/",
	"icon": "folder",
	"menulever": []
}]
